device_name,functionality_no,Measurement 1,Measurement 2,Measurement 3,Measurement 4,Measurement 5,Measurement 6,Measurement 7,Measurement 8,Measurement 9,Measurement 10
fitbitfitness,2,2.6881720430107525,3.418803418803419,2.898550724637681,4.615384615384616,4.145077720207254,4.6875,4.145077720207254,4.651162790697675,4.060913705583756,4.580152671755725
fitbitfitness,3,1.017293997965412,2.9268292682926833,2.898550724637681,2.4489795918367347,2.857142857142857,3.3333333333333335,2.8301886792452833,3.1746031746031744,2.941176470588235,3.2388663967611335
fitbitfitness,4,4.316546762589928,4.624277456647398,3.428571428571429,4.411764705882353,4.761904761904762,4.761904761904762,3.896103896103896,4.918032786885246,3.571428571428571,3.6363636363636362
fitbitfitness,5,3.6363636363636362,0.3971405877680699,0.5021971123666039,3.4482758620689653,3.018867924528302,3.1914893617021276,3.8095238095238098,4.0,3.4334763948497855,4.444444444444445
fitbitfitness,6,2.8708133971291865,3.508771929824561,2.564102564102564,2.7522935779816518,3.4482758620689653,3.1746031746031744,3.2,2.857142857142857,3.0,3.125
