device_name,functionality_no,Measurement 1,Measurement 2,Measurement 3,Measurement 4,Measurement 5,Measurement 6,Measurement 7,Measurement 8,Measurement 9,Measurement 10
wyzescale,1,0.0,0.0,0.0,0.0,0.0,0.0,0.0,0.0,0.0,0.0
wyzescale,2,4.213483146067416,4.391891891891892,4.664723032069971,3.795620437956204,4.232804232804233,4.854368932038835,4.733727810650888,4.383561643835616,4.043545878693624,4.538087520259319
wyzescale,3,1.7946877243359656,0.6911604219716261,2.0671834625323,1.098901098901099,2.4630541871921183,1.1904761904761905,1.5647226173541962,0.6765899864682002,1.0022271714922049,0.6866952789699571
wyzescale,4,4.18848167539267,4.119850187265917,3.9215686274509802,4.0241448692152915,3.795066413662239,4.25531914893617,4.807692307692308,4.25531914893617,4.296875,3.898635477582846
wyzescale,5,3.1847133757961785,3.237410071942446,2.9508196721311477,3.125,3.0252100840336134,3.3057851239669422,3.546099290780142,2.828854314002829,3.350083752093802,3.0354131534569984
wyzescale,6,3.2362459546925564,3.3333333333333335,3.3670033670033668,2.955665024630542,2.8846153846153846,2.9806259314456036,3.2414910858995136,2.922077922077922,3.350083752093802,3.4246575342465753
wyzescale,7,3.139717425431711,3.231017770597738,3.3587786259541987,3.284072249589491,3.215434083601286,3.1117397454031117,3.2544378698224854,3.225806451612903,3.343465045592705,3.22061191626409
wyzescale,8,4.1062801932367154,4.597701149425287,4.285714285714286,3.8929440389294405,3.99002493765586,4.556962025316456,4.038004750593824,4.25,4.176904176904177,4.683840749414521
