device_name,functionality_no,Measurement 1,Measurement 2,Measurement 3,Measurement 4,Measurement 5,Measurement 6,Measurement 7,Measurement 8,Measurement 9,Measurement 10
guardianalertsystem,2,2.666666666666667,2.7777777777777777,2.666666666666667,2.5316455696202533,3.076923076923077,2.8169014084507045,2.7777777777777777,2.8169014084507045,2.5974025974025974,2.8169014084507045
guardianalertsystem,3,2.3529411764705883,2.2026431718061676,2.083333333333333,1.6891891891891893,2.5316455696202533,1.8382352941176472,1.937984496124031,2.2556390977443606,1.9157088122605364,2.3904382470119523
guardianalertsystem,4,1.8181818181818181,3.9603960396039604,4.166666666666666,3.9215686274509802,3.8834951456310676,3.225806451612903,2.6143790849673203,3.571428571428571,4.081632653061225,4.040404040404041
guardianalertsystem,5,3.8461538461538463,3.6809815950920246,3.821656050955414,3.783783783783784,2.976190476190476,3.592814371257485,3.7735849056603774,3.2467532467532463,3.7267080745341614,3.428571428571429
guardianalertsystem,6,3.1578947368421053,3.428571428571429,2.793296089385475,4.761904761904762,2.6217228464419478,3.225806451612903,3.225806451612903,2.604166666666667,2.8901734104046244,3.314917127071823
guardianalertsystem,7,8.333333333333332,5.0,10.526315789473683,8.0,10.0,10.0,8.571428571428571,4.761904761904762,4.545454545454546,8.0
guardianalertsystem,8,2.8169014084507045,2.4193548387096775,3.821656050955414,3.821656050955414,3.8461538461538463,3.9735099337748347,3.3707865168539324,2.4489795918367347,3.488372093023256,3.821656050955414
