device_name,functionality_no,Measurement 1,Measurement 2,Measurement 3,Measurement 4,Measurement 5,Measurement 6,Measurement 7,Measurement 8,Measurement 9,Measurement 10
guardianalertsystem,2,61.33333333333333,61.111111111111114,62.66666666666667,64.55696202531645,55.38461538461539,60.56338028169014,59.72222222222222,60.56338028169014,62.33766233766234,59.154929577464785
guardianalertsystem,3,55.68627450980392,53.74449339207048,54.58333333333333,57.432432432432435,54.008438818565395,55.88235294117647,56.201550387596896,55.26315789473685,54.406130268199234,55.37848605577689
guardianalertsystem,4,59.3939393939394,53.46534653465347,54.166666666666664,54.90196078431373,53.398058252427184,54.83870967741935,56.209150326797385,52.67857142857143,54.08163265306123,55.55555555555556
guardianalertsystem,5,53.2967032967033,53.987730061349694,52.86624203821656,53.51351351351351,53.57142857142857,54.49101796407185,54.71698113207547,53.896103896103895,52.79503105590062,53.714285714285715
guardianalertsystem,6,56.84210526315789,56.57142857142857,56.98324022346368,59.523809523809526,56.92883895131086,56.98924731182796,57.52688172043011,56.25,55.49132947976878,56.353591160220994
guardianalertsystem,7,50.0,50.0,47.368421052631575,48.0,45.0,45.0,48.57142857142857,47.61904761904761,50.0,48.0
guardianalertsystem,8,62.441314553990615,60.88709677419355,54.14012738853503,54.14012738853503,53.205128205128204,54.3046357615894,57.30337078651685,58.77551020408164,56.395348837209305,54.14012738853503
