frame_no,time
4,1682192504.868851000
5,1682192504.902952000
