frame_no,time
4,1682192323.982750000
5,1682192324.229159000
6,1682192324.274637000
8,1682192324.434070000
32,1682192324.690420000
37,1682192324.792047000
38,1682192324.862419000
127,1682192324.946452000
