frame_no,time
2,1682192399.074492000
3,1682192399.085166000
21,1682192399.287511000
22,1682192399.295771000
24,1682192399.353641000
25,1682192399.362265000
104,1682192399.883760000
105,1682192399.890011000
