frame_no,time
4,1682192340.446540000
5,1682192340.463785000
24,1682192340.709461000
25,1682192340.720631000
84,1682192341.255662000
85,1682192341.268227000
