frame_no,time
1,1682192356.463391000
24,1682192356.606991000
27,1682192356.615954000
87,1682192357.864526000
88,1682192357.896144000
101,1682192358.390403000
102,1682192358.397054000
