frame_no,time
2,1682192363.346618000
3,1682192363.358826000
20,1682192363.590938000
21,1682192363.599549000
76,1682192364.119315000
78,1682192364.141482000
