frame_no,time
2,1682192369.425282000
3,1682192369.434166000
16,1682192369.653344000
17,1682192369.673795000
87,1682192370.195008000
88,1682192370.202385000
