frame_no,time
2,1682192376.523005000
3,1682192376.530236000
22,1682192376.743948000
23,1682192376.753313000
88,1682192377.343436000
90,1682192377.352305000
