frame_no,time
2,1682192382.461718000
3,1682192382.470330000
20,1682192382.696390000
21,1682192382.863661000
80,1682192383.238439000
82,1682192383.253600000
