frame_no,time
2,1682192388.481139000
3,1682192388.517687000
15,1682192388.703886000
16,1682192388.774068000
45,1682192389.296324000
51,1682192389.926316000
