frame_no,time
20,1682192394.014896000
21,1682192394.020776000
27,1682192394.293198000
28,1682192394.299893000
56,1682192394.579655000
57,1682192394.587573000
59,1682192394.631039000
60,1682192394.631272000
