frame_no,time
4,1682454763.548073000
5,1682454763.563223000
