frame_no,time
1,1682454784.223382000
3,1682454784.235001000
