frame_no,time
1,1682454794.525236000
3,1682454794.541062000
