frame_no,time
2,1682454815.150853000
3,1682454815.166300000
