frame_no,time
3,1682454962.508609000
4,1682454962.523665000
