frame_no,time
3,1682455037.523241000
4,1682455037.542924000
