frame_no,time
1,1682454983.480608000
2,1682454983.510910000
