frame_no,time
2,1682454993.814086000
3,1682454993.822463000
