frame_no,time
2,1682455015.577923000
3,1682455015.600950000
