frame_no,time
1,1682455027.133061000
2,1682455027.147276000
