frame_no,time
2,1682455324.960712000
3,1682455324.974132000
