frame_no,time
3,1682455335.251572000
4,1682455335.262092000
