frame_no,time
3,1682455345.550597000
4,1682455345.572854000
