frame_no,time
2,1682455355.846334000
3,1682455355.855337000
