frame_no,time
3,1682455366.120537000
4,1682455366.140999000
