frame_no,time
1,1682455376.473878000
2,1682455376.479852000
