frame_no,time
3,1682455386.792945000
4,1682455386.808439000
