frame_no,time
4,1682455437.299015000
5,1682455437.317183000
