frame_no,time
3,1682455459.362112000
4,1682455459.368642000
