frame_no,time
1,1682455479.957394000
2,1682455479.977962000
