frame_no,time
3,1682455490.302411000
4,1682455490.324486000
