frame_no,time
1,1682455983.244196000
2,1682455983.260141000
