frame_no,time
3,1682456076.658734000
4,1682456076.673316000
