frame_no,time
2,1682455993.521289000
3,1682455993.533820000
