frame_no,time
2,1682456024.775325000
3,1682456024.790590000
