frame_no,time
2,1682456035.097482000
3,1682456035.304049000
