frame_no,time
3,1682456045.580642000
4,1682456045.598408000
