frame_no,time
3,1682456055.899844000
4,1682456055.914173000
