frame_no,time
3,1682456066.260784000
4,1682456066.308639000
