frame_no,time
4,1682457492.959832000
5,1682457492.980577000
