frame_no,time
1,1682457586.659930000
2,1682457586.686464000
