frame_no,time
4,1682457503.299438000
5,1682457503.305247000
