frame_no,time
3,1682457513.598547000
4,1682457513.612651000
