frame_no,time
3,1682457523.902165000
4,1682457523.917732000
