frame_no,time
1,1682457534.628759000
2,1682457534.645972000
