frame_no,time
1,1682457544.978106000
2,1682457544.983660000
