frame_no,time
2,1682457555.747882000
3,1682457555.755533000
