frame_no,time
2,1682457566.034064000
3,1682457566.050585000
