frame_no,time
2,1682457576.344954000
3,1682457576.350740000
