device_name,functionality_no,Measurement 1,Measurement 2,Measurement 3,Measurement 4,Measurement 5,Measurement 6,Measurement 7,Measurement 8,Measurement 9,Measurement 10
withingsbpm,1,100.0,100.0,56.52173913043478,100.0,100.0,100.0,100.0,100.0,100.0,100.0
withingsbpm,2,56.526806526806524,64.9171270718232,66.83250414593698,64.45714285714286,62.47086247086248,58.657243816254415,60.24844720496895,70.84048027444254,60.56644880174292,63.22241681260946
withingsbpm,3,100.0,55.00000000000001,75.0,100.0,56.52173913043478,52.38095238095239,100.0,100.0,52.63157894736842,100.0
withingsbpm,4,57.89473684210527,100.0,61.111111111111114,57.89473684210527,56.52173913043478,59.09090909090909,55.55555555555556,100.0,54.54545454545454,52.63157894736842
withingsbpm,5,55.55555555555556,57.89473684210527,60.0,100.0,57.89473684210527,52.63157894736842,100.0,55.55555555555556,52.63157894736842,100.0
withingsbpm,6,57.89473684210527,66.66666666666666,60.0,55.00000000000001,100.0,55.55555555555556,52.63157894736842,66.66666666666666,100.0,100.0
withingsbpm,7,55.55555555555556,57.89473684210527,61.111111111111114,100.0,57.89473684210527,57.89473684210527,60.0,57.89473684210527,57.89473684210527,57.89473684210527
withingsbpm,8,55.00000000000001,55.00000000000001,56.52173913043478,56.52173913043478,56.52173913043478,56.00000000000001,55.00000000000001,55.00000000000001,54.54545454545454,56.00000000000001
