frame_no,time
1,1683269936.178709000
3,1683269936.187793000
5,1683269936.198176000
19,1683269936.296309000
20,1683269936.303871000
51,1683269937.234174000
52,1683269937.244073000
58,1683269937.267247000
60,1683269937.279239000
