frame_no,time
1,1683270307.722112000
2,1683270307.733252000
3,1683270307.742840000
8,1683270307.770159000
