frame_no,time
1,1683270385.873224000
2,1683270385.887282000
7,1683270385.926815000
8,1683270385.937895000
