frame_no,time
1,1683270315.575577000
2,1683270315.583539000
3,1683270320.582653000
4,1683270320.587186000
5,1683270320.596025000
6,1683270320.596432000
215,1683270325.707339000
216,1683270325.725843000
