frame_no,time
1,1683270328.965884000
2,1683270328.976851000
3,1683270328.984223000
4,1683270328.984438000
