frame_no,time
1,1683270337.406440000
2,1683270337.417188000
3,1683270337.428050000
8,1683270337.444921000
