frame_no,time
1,1683270344.201293000
2,1683270344.207017000
3,1683270344.310810000
4,1683270344.311019000
