frame_no,time
1,1683270350.996298000
2,1683270351.005504000
3,1683270351.019608000
8,1683270351.045353000
