frame_no,time
1,1683270357.950738000
2,1683270357.958690000
3,1683270357.979828000
4,1683270357.981108000
