frame_no,time
1,1683270370.268985000
2,1683270370.276900000
3,1683270370.299498000
4,1683270370.300356000
219,1683270375.867466000
220,1683270375.881220000
