frame_no,time
1,1683270378.788346000
2,1683270378.803731000
3,1683270378.825730000
4,1683270378.826126000
