frame_no,time
1,1683270793.224675000
2,1683270793.238166000
3,1683270793.732592000
4,1683270793.733378000
201,1683270805.034198000
202,1683270805.067454000
