frame_no,time
1,1683270868.350737000
2,1683270868.357896000
3,1683270868.363331000
4,1683270868.366907000
