frame_no,time
1,1683270807.876453000
2,1683270807.887174000
3,1683270807.996400000
4,1683270807.996810000
