frame_no,time
1,1683270815.252059000
2,1683270815.259991000
3,1683270815.353239000
4,1683270815.353531000
