frame_no,time
1,1683270822.161928000
2,1683270822.182441000
3,1683270822.191444000
8,1683270822.227919000
