frame_no,time
1,1683270829.210601000
2,1683270829.234011000
3,1683270829.252943000
4,1683270829.256567000
215,1683270836.064713000
