frame_no,time
1,1683270838.046497000
2,1683270838.057901000
3,1683270838.074425000
4,1683270838.075031000
