frame_no,time
1,1683270845.517859000
2,1683270845.525694000
3,1683270845.534988000
8,1683270845.555564000
