frame_no,time
1,1683270851.997552000
2,1683270852.048404000
3,1683270852.048798000
