frame_no,time
1,1683270860.375750000
2,1683270860.380859000
3,1683270860.479250000
4,1683270860.482671000
