frame_no,time
1,1683271666.769681000
2,1683271666.779773000
3,1683271666.786712000
4,1683271666.787461000
