frame_no,time
1,1683271735.882721000
2,1683271735.891549000
3,1683271735.901661000
4,1683271735.902606000
211,1683271741.093692000
212,1683271741.112749000
