frame_no,time
1,1683271676.597543000
2,1683271676.607518000
3,1683271676.614620000
8,1683271676.645761000
