frame_no,time
1,1683271683.184938000
2,1683271683.194078000
3,1683271683.331453000
4,1683271683.331881000
