frame_no,time
1,1683271689.355258000
2,1683271689.362773000
3,1683271689.380930000
4,1683271689.381197000
