frame_no,time
1,1683271698.284524000
4,1683271698.320394000
7,1683271698.339007000
