frame_no,time
1,1683271705.293263000
2,1683271705.309349000
3,1683271705.343062000
8,1683271705.370058000
