frame_no,time
1,1683271712.470394000
2,1683271712.475385000
3,1683271712.785028000
4,1683271712.785659000
