frame_no,time
1,1683271719.754755000
2,1683271719.775875000
7,1683271719.824870000
8,1683271719.840155000
