frame_no,time
1,1683271727.328370000
2,1683271727.359411000
3,1683271727.380303000
8,1683271727.402282000
