frame_no,time
1,1683272566.428557000
2,1683272566.434037000
17,1683272567.620923000
18,1683272567.635724000
21,1683272567.656135000
24,1683272567.673074000
