frame_no,time
1,1683272678.026919000
2,1683272678.034199000
3,1683272678.051515000
8,1683272678.071225000
221,1683272686.630548000
