frame_no,time
1,1683272584.515827000
2,1683272584.533416000
3,1683272584.540832000
8,1683272584.561232000
