frame_no,time
1,1683272596.953047000
2,1683272596.971014000
3,1683272596.981992000
8,1683272596.999569000
