frame_no,time
1,1683272607.566402000
2,1683272607.578813000
3,1683272607.588563000
4,1683272607.595429000
