frame_no,time
1,1683272622.645401000
2,1683272622.651378000
3,1683272622.748175000
8,1683272622.767330000
