frame_no,time
1,1683272632.632875000
2,1683272632.642065000
3,1683272632.657014000
8,1683272632.684640000
