frame_no,time
1,1683272644.422237000
2,1683272644.431436000
7,1683272644.469107000
