frame_no,time
1,1683272654.360419000
2,1683272654.368130000
7,1683272654.396675000
203,1683272662.621786000
