frame_no,time
1,1683272667.763984000
2,1683272667.776632000
3,1683272667.784350000
8,1683272667.804381000
