frame_no,time
1,1683272796.614621000
2,1683272796.628588000
3,1683272796.720795000
4,1683272796.722374000
