frame_no,time
1,1683272957.647535000
2,1683272957.659928000
3,1683272957.666796000
8,1683272957.690662000
240,1683272967.721307000
241,1683272967.732038000
