frame_no,time
1,1683272812.604837000
2,1683272812.619120000
3,1683272812.630850000
8,1683272812.760478000
234,1683272826.252040000
235,1683272826.264176000
