frame_no,time
1,1683272867.049026000
2,1683272867.054743000
3,1683272867.193500000
4,1683272867.193771000
288,1683272878.434839000
289,1683272878.463225000
