frame_no,time
1,1683272885.627827000
2,1683272885.638092000
3,1683272885.649006000
4,1683272885.652460000
189,1683272886.732550000
190,1683272886.753076000
