frame_no,time
1,1683272898.791193000
2,1683272898.809939000
3,1683272898.814416000
4,1683272898.819100000
236,1683272906.171591000
