frame_no,time
1,1683272911.336285000
2,1683272911.340398000
3,1683272911.355138000
4,1683272911.355962000
