frame_no,time
1,1683272923.999364000
2,1683272924.021716000
3,1683272924.029218000
8,1683272924.064075000
307,1683272931.189753000
