frame_no,time
1,1683272933.064025000
2,1683272933.072339000
3,1683272933.176711000
8,1683272933.240530000
