frame_no,time
1,1683272944.191492000
2,1683272944.205834000
3,1683272944.212982000
4,1683272944.213196000
293,1683272953.209360000
