frame_no,time
1,1683287633.654672000
2,1683287633.775759000
