frame_no,time
1,1683287665.574075000
2,1683287665.689052000
