frame_no,time
2,1681925895.056583000
3,1681925895.073633000
4,1681925895.074064000
5,1681925895.075020000
6,1681925895.078309000
9,1681925895.089003000
24,1681925895.142054000
29,1681925895.154216000
30,1681925895.155378000
31,1681925895.156067000
43,1681925895.179248000
52,1681925895.184906000
321,1681925895.457547000
324,1681925895.460165000
353,1681925895.588605000
354,1681925895.590383000
408,1681925896.563843000
409,1681925896.580388000
