device_name,functionality_no,Measurement 1,Measurement 2,Measurement 3,Measurement 4,Measurement 5,Measurement 6,Measurement 7,Measurement 8,Measurement 9,Measurement 10
guardianalertsystem,2,54.666666666666664,55.55555555555556,54.666666666666664,54.43037974683544,52.307692307692314,54.929577464788736,52.77777777777778,54.929577464788736,54.54545454545454,54.929577464788736
guardianalertsystem,3,51.37254901960784,51.10132158590308,50.83333333333333,52.36486486486487,50.63291139240506,50.73529411764706,50.775193798449614,50.75187969924813,50.57471264367817,50.199203187250994
guardianalertsystem,4,52.121212121212125,50.495049504950494,50.0,51.9607843137255,51.45631067961165,49.46236559139785,50.98039215686274,50.89285714285714,51.02040816326531,50.505050505050505
guardianalertsystem,5,50.54945054945055,51.533742331288344,50.318471337579616,50.27027027027027,50.595238095238095,50.29940119760479,49.685534591194966,50.0,51.5527950310559,50.857142857142854
guardianalertsystem,6,52.63157894736842,51.42857142857142,51.39664804469274,54.761904761904766,51.68539325842697,51.61290322580645,52.1505376344086,51.5625,50.86705202312138,51.38121546961326
guardianalertsystem,7,52.77777777777778,50.0,52.63157894736842,52.0,55.00000000000001,55.00000000000001,51.42857142857142,52.38095238095239,50.0,52.0
guardianalertsystem,8,53.52112676056338,52.41935483870967,51.59235668789809,52.86624203821656,52.56410256410257,51.65562913907284,50.56179775280899,51.83673469387755,52.32558139534884,51.59235668789809
