device_name,functionality_no,Measurement 1,Measurement 2,Measurement 3,Measurement 4,Measurement 5,Measurement 6,Measurement 7,Measurement 8,Measurement 9,Measurement 10
guardianalertsystem,2,45.33333333333333,44.44444444444444,45.33333333333333,45.56962025316456,47.69230769230769,45.07042253521127,47.22222222222222,45.07042253521127,45.45454545454545,45.07042253521127
guardianalertsystem,3,48.627450980392155,48.89867841409692,49.166666666666664,47.63513513513514,49.36708860759494,49.26470588235294,49.224806201550386,49.24812030075188,49.42528735632184,49.800796812749006
guardianalertsystem,4,47.878787878787875,49.504950495049506,50.0,48.03921568627451,48.54368932038835,50.53763440860215,49.01960784313725,49.107142857142854,48.97959183673469,49.494949494949495
guardianalertsystem,5,49.45054945054945,48.466257668711656,49.681528662420384,49.72972972972973,49.404761904761905,49.700598802395206,50.314465408805034,50.0,48.4472049689441,49.142857142857146
guardianalertsystem,6,47.368421052631575,48.57142857142857,48.60335195530726,45.23809523809524,48.31460674157304,48.38709677419355,47.8494623655914,48.4375,49.13294797687861,48.61878453038674
guardianalertsystem,7,47.22222222222222,50.0,47.368421052631575,48.0,45.0,45.0,48.57142857142857,47.61904761904761,50.0,48.0
guardianalertsystem,8,46.478873239436616,47.58064516129033,48.40764331210191,47.13375796178344,47.43589743589743,48.34437086092716,49.43820224719101,48.16326530612245,47.674418604651166,48.40764331210191
