frame_no,time
1,1683286452.783154000
2,1683286452.795571000
29,1683286452.963312000
30,1683286452.975587000
72,1683286453.455533000
73,1683286453.463966000
