frame_no,time
1,1683286627.782701000
2,1683286627.804260000
22,1683286627.856186000
32,1683286627.871766000
109,1683286628.008295000
110,1683286628.013968000
130,1683286629.544337000
133,1683286629.610741000
