frame_no,time
1,1683286636.158669000
2,1683286636.188934000
21,1683286636.246364000
40,1683286636.279025000
120,1683286636.427599000
121,1683286636.432427000
