frame_no,time
1,1683286416.116221000
2,1683286416.140904000
31,1683286416.294877000
32,1683286416.302029000
76,1683286416.799711000
77,1683286416.807739000
