frame_no,time
1,1683286421.818358000
2,1683286421.832135000
28,1683286421.967058000
29,1683286421.973459000
37,1683286421.998920000
38,1683286422.005828000
137,1683286422.493563000
138,1683286422.502494000
