frame_no,time
1,1683286428.405940000
2,1683286428.420309000
27,1683286428.588775000
28,1683286428.597227000
69,1683286429.085657000
70,1683286429.107181000
