frame_no,time
1,1683286435.243745000
2,1683286435.255571000
28,1683286435.428542000
29,1683286435.435918000
30,1683286435.438394000
35,1683286435.445376000
133,1683286435.950215000
134,1683286435.956584000
