frame_no,time
1,1683286440.833004000
2,1683286440.854801000
29,1683286441.016043000
30,1683286441.022848000
75,1683286441.535869000
76,1683286441.541974000
