frame_no,time
1,1683286446.601919000
2,1683286446.674593000
27,1683286446.775268000
28,1683286446.784064000
34,1683286446.824422000
35,1683286446.833215000
136,1683286447.282951000
137,1683286447.289214000
