frame_no,time
1,1683286755.354637000
2,1683286755.370782000
17,1683286755.407821000
25,1683286755.414340000
121,1683286755.609026000
127,1683286755.616429000
149,1683286756.320707000
150,1683286756.334051000
