frame_no,time
1,1683286694.477323000
2,1683286694.492633000
28,1683286694.567299000
58,1683286694.578343000
121,1683286694.724617000
125,1683286694.883099000
