frame_no,time
1,1683286702.722629000
2,1683286702.747814000
22,1683286702.790456000
36,1683286702.803603000
136,1683286702.951241000
140,1683286702.959121000
231,1683286706.236692000
232,1683286706.294889000
