frame_no,time
1,1683286710.856485000
2,1683286710.906084000
3,1683286711.049342000
4,1683286711.073076000
5,1683286711.073311000
6,1683286711.073456000
