frame_no,time
1,1683286717.914717000
2,1683286717.929765000
71,1683286718.021330000
76,1683286718.037552000
126,1683286718.182928000
127,1683286718.194875000
