frame_no,time
1,1683286732.525493000
2,1683286732.546865000
26,1683286732.601909000
42,1683286732.620262000
127,1683286732.751283000
128,1683286732.766770000
