frame_no,time
1,1683286739.157770000
2,1683286739.172312000
32,1683286739.223682000
71,1683286739.238289000
109,1683286739.299499000
116,1683286739.312592000
168,1683286739.431709000
169,1683286739.437263000
