frame_no,time
1,1683286747.455198000
2,1683286747.467459000
51,1683286747.550527000
68,1683286747.562826000
93,1683286747.720799000
102,1683286747.774457000
