frame_no,time
1,1683286792.769406000
2,1683286792.827478000
3,1683286792.870554000
4,1683286792.871354000
118,1683286793.053534000
122,1683286793.060324000
