frame_no,time
1,1683286859.304751000
2,1683286859.337776000
3,1683286859.369824000
4,1683286859.370052000
124,1683286859.533682000
126,1683286859.539220000
