frame_no,time
1,1683286801.273272000
2,1683286801.295695000
7,1683286801.323684000
18,1683286801.338578000
117,1683286801.518167000
119,1683286801.525593000
137,1683286802.135309000
138,1683286802.200796000
