frame_no,time
1,1683286807.157100000
2,1683286807.170214000
7,1683286807.197059000
28,1683286807.206876000
134,1683286807.394642000
137,1683286807.403454000
