frame_no,time
1,1683286814.032329000
2,1683286814.057693000
22,1683286814.104971000
30,1683286814.115218000
118,1683286814.333554000
122,1683286814.342260000
