frame_no,time
1,1683286821.712685000
2,1683286821.728558000
24,1683286821.805901000
41,1683286821.819674000
100,1683286821.993282000
106,1683286822.000143000
