frame_no,time
1,1683286828.313344000
2,1683286828.324351000
48,1683286828.391940000
51,1683286828.414472000
62,1683286828.547724000
63,1683286828.548218000
81,1683286828.573020000
98,1683286828.582315000
