frame_no,time
1,1683286835.346113000
2,1683286835.361945000
9,1683286835.388488000
20,1683286835.397273000
137,1683286835.587740000
139,1683286835.593530000
