frame_no,time
1,1683286841.396421000
2,1683286841.421425000
17,1683286841.487896000
28,1683286841.496408000
81,1683286841.696589000
90,1683286841.753574000
