frame_no,time
1,1683286852.019263000
2,1683286852.047304000
7,1683286852.076184000
24,1683286852.083075000
146,1683286852.268768000
148,1683286852.276974000
