frame_no,time
1,1683286895.031032000
2,1683286895.049076000
28,1683286895.100270000
40,1683286895.109644000
141,1683286895.281449000
142,1683286895.288244000
