frame_no,time
1,1683287007.409591000
2,1683287007.422780000
26,1683287007.481427000
42,1683287007.491742000
111,1683287007.719611000
112,1683287007.724546000
147,1683287014.666515000
148,1683287014.734847000
