frame_no,time
1,1683286919.217668000
2,1683286919.249037000
3,1683286919.275922000
9,1683286919.301356000
119,1683286919.460023000
143,1683286919.625527000
164,1683286923.903351000
165,1683286924.081849000
