frame_no,time
1,1683286929.863133000
2,1683286929.915160000
3,1683286929.917977000
8,1683286929.934118000
151,1683286930.147829000
152,1683286930.156870000
184,1683286930.794154000
185,1683286930.801042000
