frame_no,time
1,1683286941.645562000
2,1683286941.663738000
22,1683286941.692431000
46,1683286941.716643000
145,1683286941.900125000
146,1683286941.908075000
189,1683286950.305706000
206,1683286950.493505000
