frame_no,time
1,1683286954.762894000
2,1683286954.785143000
7,1683286954.807764000
8,1683286954.846154000
152,1683286955.011421000
164,1683286955.018608000
