frame_no,time
1,1683286966.834023000
2,1683286966.856742000
7,1683286966.882921000
28,1683286966.922299000
145,1683286967.099207000
146,1683286967.106210000
176,1683286974.268664000
177,1683286974.279997000
