frame_no,time
1,1683286979.972732000
2,1683286980.000228000
7,1683286980.037880000
24,1683286980.052621000
120,1683286980.241991000
123,1683286980.254347000
