frame_no,time
1,1683286993.452515000
2,1683286993.467791000
7,1683286993.496913000
23,1683286993.503501000
104,1683286993.613292000
112,1683286993.626670000
155,1683286993.709102000
157,1683286993.715699000
