frame_no,time
1,1683287176.721134000
2,1683287176.735059000
22,1683287176.774649000
32,1683287176.794989000
119,1683287176.987929000
120,1683287176.992646000
