frame_no,time
1,1683287244.664011000
2,1683287244.687942000
16,1683287244.728575000
25,1683287244.734355000
96,1683287244.817676000
97,1683287244.829133000
169,1683287244.978205000
170,1683287244.983430000
