frame_no,time
1,1683287186.442162000
2,1683287186.463980000
22,1683287186.501348000
29,1683287186.520218000
117,1683287186.740049000
123,1683287186.978187000
156,1683287190.702682000
175,1683287190.761368000
