frame_no,time
1,1683287194.714497000
2,1683287194.749128000
7,1683287194.770959000
8,1683287194.777913000
139,1683287194.938452000
148,1683287194.952545000
