frame_no,time
1,1683287202.178117000
2,1683287202.187759000
22,1683287202.226930000
32,1683287202.235565000
139,1683287202.425436000
140,1683287202.430765000
