frame_no,time
1,1683287210.950307000
2,1683287210.969584000
27,1683287211.026181000
41,1683287211.041701000
76,1683287211.090348000
82,1683287211.095036000
143,1683287211.270811000
147,1683287211.276276000
