frame_no,time
1,1683287217.547643000
2,1683287217.570897000
7,1683287217.594789000
10,1683287217.695714000
65,1683287217.772259000
107,1683287217.792279000
193,1683287219.853348000
194,1683287219.886083000
