frame_no,time
1,1683287223.867090000
2,1683287223.929776000
3,1683287223.954323000
10,1683287223.990307000
103,1683287224.118768000
104,1683287224.132221000
158,1683287226.146469000
162,1683287226.154107000
