frame_no,time
1,1683287230.624758000
2,1683287230.648972000
27,1683287230.687588000
40,1683287230.699373000
118,1683287230.887234000
125,1683287230.968974000
