frame_no,time
1,1683287238.537341000
2,1683287238.558119000
23,1683287238.588981000
55,1683287238.614124000
119,1683287238.799017000
122,1683287238.808206000
