frame_no,time
1,1685557466.894686000
111,1685557471.881689000
