frame_no,time
89,1685557666.994864000
162,1685557669.929277000
196,1685557671.993715000
265,1685557674.923275000
