frame_no,time
214,1685557516.913478000
334,1685557521.911826000
