frame_no,time
106,1685557536.924579000
221,1685557541.923370000
