frame_no,time
164,1685557556.934084000
280,1685557561.939408000
