frame_no,time
152,1685557576.948091000
268,1685557581.951909000
