frame_no,time
169,1685557596.962713000
280,1685557601.963315000
