frame_no,time
170,1685557616.969257000
290,1685557621.967986000
