frame_no,time
38,1685557646.983686000
162,1685557651.983323000
