frame_no,time
18,1681888658.521492000
19,1681888658.540969000
21,1681888658.549008000
22,1681888658.551493000
77,1681888664.042834000
78,1681888664.077963000
