frame_no,time
15,1681888782.933344000
16,1681888782.936705000
83,1681888783.187134000
86,1681888783.189112000
197,1681888786.290961000
198,1681888786.307926000
