frame_no,time
3,1681888681.526604000
4,1681888681.543223000
23,1681888682.516398000
24,1681888682.518932000
82,1681888690.421514000
