frame_no,time
3,1681888702.324668000
4,1681888702.342583000
5,1681888702.345137000
8,1681888702.356332000
