frame_no,time
21,1681888719.650143000
24,1681888719.652037000
94,1681888720.071218000
95,1681888720.074305000
