frame_no,time
8,1681888733.357401000
9,1681888733.359614000
74,1681888733.656475000
75,1681888733.658294000
