frame_no,time
9,1681888745.211123000
10,1681888745.212803000
72,1681888745.467699000
73,1681888745.469589000
199,1681888748.073443000
200,1681888748.076271000
