frame_no,time
10,1681888756.259973000
11,1681888756.261776000
78,1681888756.495996000
79,1681888756.497248000
119,1681888756.729459000
120,1681888756.733965000
