frame_no,time
5,1681888764.946095000
14,1681888764.992414000
74,1681888765.221675000
75,1681888765.224575000
