frame_no,time
5,1681888772.074887000
6,1681888772.077424000
73,1681888772.360430000
77,1681888772.362372000
