frame_no,time
3,1681888854.120753000
4,1681888854.125175000
5,1681888854.136002000
6,1681888854.136961000
