frame_no,time
2,1681888975.807040000
3,1681888975.822336000
4,1681888975.824748000
7,1681888975.860854000
