frame_no,time
14,1681888869.838193000
15,1681888869.855695000
16,1681888869.857888000
19,1681888869.870720000
