frame_no,time
2,1681888882.801765000
3,1681888882.821966000
4,1681888882.829214000
5,1681888882.830284000
91,1681888888.901248000
92,1681888888.922096000
