frame_no,time
2,1681888895.096839000
3,1681888895.098701000
4,1681888895.116476000
5,1681888895.116841000
