frame_no,time
2,1681888909.061685000
3,1681888909.064385000
6,1681888909.081328000
15,1681888909.127429000
17,1681888909.133855000
18,1681888909.137997000
