frame_no,time
2,1681888925.990685000
3,1681888926.007960000
6,1681888926.015687000
7,1681888926.017056000
99,1681888931.822518000
100,1681888931.866189000
