frame_no,time
2,1681888938.806936000
3,1681888938.830364000
6,1681888938.838755000
7,1681888938.842257000
