frame_no,time
1,1681888950.933992000
2,1681888950.940352000
3,1681888950.951790000
4,1681888950.952253000
49,1681888952.111046000
50,1681888952.113477000
