frame_no,time
2,1681888963.493502000
3,1681888963.506058000
4,1681888963.518787000
5,1681888963.518930000
