frame_no,time
9,1681889145.134229000
10,1681889145.136242000
70,1681889145.410483000
71,1681889145.411672000
205,1681889149.705684000
206,1681889149.727941000
