frame_no,time
5,1681889225.087698000
6,1681889225.089603000
69,1681889225.361200000
70,1681889225.364544000
