frame_no,time
5,1681889158.915315000
6,1681889158.918625000
65,1681889159.147389000
66,1681889159.149404000
