frame_no,time
5,1681889165.970856000
6,1681889165.973114000
73,1681889166.231291000
75,1681889166.235363000
