frame_no,time
5,1681889173.961600000
6,1681889173.963369000
84,1681889174.270488000
85,1681889174.272370000
