frame_no,time
5,1681889181.569301000
6,1681889181.571173000
81,1681889181.861689000
82,1681889181.864878000
207,1681889185.180749000
208,1681889185.201299000
