frame_no,time
5,1681889192.590028000
6,1681889192.594678000
70,1681889192.854825000
71,1681889192.856783000
211,1681889196.598536000
212,1681889196.615665000
