frame_no,time
8,1681889200.089413000
17,1681889200.125879000
73,1681889200.372705000
74,1681889200.376476000
