frame_no,time
5,1681889207.789816000
6,1681889207.792304000
77,1681889208.044502000
79,1681889208.047116000
