frame_no,time
5,1681889216.306756000
6,1681889216.308591000
77,1681889216.607844000
78,1681889216.609261000
192,1681889220.273726000
193,1681889220.288821000
