frame_no,time
3,1681889255.959208000
5,1681889256.007328000
6,1681889256.009480000
12,1681889256.034770000
88,1681889256.372450000
90,1681889256.457611000
218,1681889260.465932000
