frame_no,time
5,1681889326.443349000
14,1681889326.483729000
74,1681889326.744039000
77,1681889326.746250000
214,1681889328.930098000
215,1681889329.128609000
