frame_no,time
5,1681889264.504977000
14,1681889264.551821000
64,1681889264.777159000
65,1681889264.780426000
