frame_no,time
5,1681889272.611559000
6,1681889272.613787000
71,1681889272.879861000
72,1681889272.881248000
