frame_no,time
9,1681889279.516834000
10,1681889279.518877000
77,1681889279.823318000
78,1681889279.826425000
