frame_no,time
7,1681889286.428280000
12,1681889286.432058000
65,1681889286.712526000
68,1681889286.715130000
192,1681889289.158064000
193,1681889289.174973000
