frame_no,time
6,1681889293.638024000
7,1681889293.640147000
75,1681889293.947241000
76,1681889293.950330000
