frame_no,time
5,1681889301.848937000
6,1681889301.851550000
77,1681889302.107762000
78,1681889302.111401000
