frame_no,time
4,1681889307.812126000
8,1681889307.815801000
69,1681889308.086970000
70,1681889308.089942000
