frame_no,time
5,1681889315.162577000
6,1681889315.164264000
74,1681889315.432407000
75,1681889315.435010000
