frame_no,time
1,1681865429.024269000
26,1681865433.229141000
47,1681865433.289264000
96,1681865433.571391000
98,1681865433.576507000
269,1681865438.193721000
271,1681865438.199334000
