frame_no,time
11,1681865264.042463000
12,1681865264.046111000
93,1681865264.381237000
94,1681865264.390471000
199,1681865266.057942000
206,1681865266.129134000
228,1681865266.863046000
229,1681865266.902973000
