frame_no,time
16,1681865297.518410000
25,1681865297.566489000
79,1681865298.130307000
80,1681865298.131921000
189,1681865300.565347000
190,1681865300.584360000
