frame_no,time
12,1681865328.634211000
13,1681865328.638143000
37,1681865332.052549000
38,1681865332.054103000
102,1681865332.372347000
103,1681865332.378872000
270,1681865336.915832000
278,1681865337.225730000
