frame_no,time
2,1681865362.117506000
3,1681865362.138796000
19,1681865362.692791000
28,1681865362.761745000
96,1681865363.079611000
97,1681865363.087676000
209,1681865364.934387000
210,1681865364.988672000
