frame_no,time
8,1681865396.582903000
11,1681865396.589962000
15,1681865396.632201000
24,1681865396.640789000
104,1681865397.130771000
105,1681865397.132590000
213,1681865399.139450000
214,1681865399.239193000
