frame_no,time
3,1681864658.157336000
4,1681864658.160782000
5,1681864658.192232000
6,1681864658.193679000
