frame_no,time
2,1681863974.771603000
3,1681863974.773285000
4,1681863974.914458000
5,1681863974.915608000
