frame_no,time
1,1681864512.714389000
23,1681864516.130738000
24,1681864516.132067000
25,1681864516.376121000
26,1681864516.614008000
34,1681864518.712628000
35,1681864518.734210000
