frame_no,time
1,1686322062.885571000
2,1686322062.938067000
