frame_no,time
1,1686322159.213380000
2,1686322159.222214000
