frame_no,time
1,1686322074.332767000
2,1686322074.346603000
