frame_no,time
1,1686322087.838928000
2,1686322087.852906000
