frame_no,time
1,1686322104.399130000
2,1686322104.419024000
