frame_no,time
1,1686322116.203752000
2,1686322116.213358000
