frame_no,time
1,1686322124.513728000
2,1686322124.526125000
