frame_no,time
1,1686322134.343361000
2,1686322134.357793000
