frame_no,time
1,1686322142.086824000
2,1686322142.108340000
