frame_no,time
1,1686322150.398304000
2,1686322150.413747000
