frame_no,time
1,1686322576.919123000
2,1686322577.023696000
21,1686322578.557810000
22,1686322578.571744000
152,1686322588.539354000
153,1686322588.557687000
