frame_no,time
1,1686322667.307977000
2,1686322667.323981000
18,1686322668.150346000
19,1686322668.162803000
179,1686322671.022810000
184,1686322671.028185000
