frame_no,time
1,1686322592.098473000
18,1686322593.885295000
19,1686322593.897895000
145,1686322597.149392000
147,1686322597.154828000
