frame_no,time
1,1686322600.058834000
18,1686322601.167090000
19,1686322601.175011000
178,1686322604.102529000
180,1686322604.114531000
