frame_no,time
1,1686322606.983547000
24,1686322607.912946000
25,1686322607.925090000
182,1686322610.686083000
183,1686322610.694275000
