frame_no,time
1,1686322619.556893000
2,1686322619.597971000
25,1686322623.823094000
26,1686322623.839247000
169,1686322626.636432000
170,1686322626.664654000
