frame_no,time
1,1686322629.620747000
21,1686322631.238421000
22,1686322631.250582000
195,1686322633.873230000
200,1686322633.999401000
