frame_no,time
1,1686322636.671000000
18,1686322638.113854000
19,1686322638.133985000
165,1686322640.786008000
179,1686322640.799815000
