frame_no,time
1,1686322647.001977000
2,1686322647.013826000
28,1686322647.539319000
29,1686322647.544714000
194,1686322650.321277000
199,1686322650.328858000
