frame_no,time
1,1686322653.063473000
22,1686322654.574117000
23,1686322654.584705000
178,1686322657.097110000
179,1686322657.103664000
