frame_no,time
1,1686323050.496114000
25,1686323051.994866000
26,1686323052.009604000
