frame_no,time
1,1686323161.957263000
2,1686323161.966048000
20,1686323164.111676000
21,1686323164.125097000
