frame_no,time
1,1686323065.489532000
2,1686323065.503471000
24,1686323066.427222000
25,1686323066.460421000
