frame_no,time
1,1686323079.233213000
2,1686323079.247653000
22,1686323081.306040000
23,1686323081.321451000
