frame_no,time
1,1686323095.239393000
2,1686323095.254122000
33,1686323096.439974000
35,1686323096.457282000
