frame_no,time
1,1686323105.371800000
2,1686323105.384253000
27,1686323106.544717000
28,1686323106.553860000
