frame_no,time
1,1686323115.236921000
19,1686323116.331901000
20,1686323116.397688000
