frame_no,time
1,1686323127.023563000
2,1686323127.044762000
52,1686323133.127435000
63,1686323133.154868000
