frame_no,time
1,1686323140.235702000
2,1686323140.257722000
27,1686323140.828109000
28,1686323140.870062000
