frame_no,time
1,1686323152.417257000
2,1686323152.452232000
33,1686323154.573958000
34,1686323154.618503000
