frame_no,time
1,1686323192.293244000
16,1686323193.247010000
17,1686323193.287152000
41,1686323195.471655000
42,1686323195.557784000
55,1686323196.500821000
56,1686323196.512814000
