frame_no,time
1,1686323280.572050000
2,1686323280.586421000
15,1686323281.132419000
16,1686323281.147305000
66,1686323282.877123000
67,1686323282.923024000
