frame_no,time
1,1686323204.237243000
2,1686323204.275852000
22,1686323205.241452000
23,1686323205.255197000
36,1686323206.646844000
37,1686323206.661419000
