frame_no,time
1,1686323213.448394000
2,1686323213.454767000
20,1686323215.130597000
21,1686323215.143495000
34,1686323215.684145000
35,1686323215.695075000
