frame_no,time
1,1686323222.089053000
26,1686323223.352504000
27,1686323223.426013000
42,1686323224.409875000
43,1686323224.422566000
88,1686323224.628571000
89,1686323224.633610000
