frame_no,time
1,1686323230.332828000
21,1686323231.559962000
22,1686323231.575103000
37,1686323232.446976000
38,1686323232.460615000
