frame_no,time
1,1686323238.903594000
2,1686323238.951990000
23,1686323240.597350000
24,1686323240.612548000
37,1686323241.263355000
38,1686323241.268368000
