frame_no,time
1,1686323253.313712000
2,1686323253.327968000
19,1686323254.663580000
20,1686323254.669545000
33,1686323255.327080000
34,1686323255.341934000
