frame_no,time
1,1686323260.934906000
17,1686323263.656436000
18,1686323263.673060000
31,1686323264.656709000
32,1686323264.674669000
