frame_no,time
1,1686323272.241943000
2,1686323272.251253000
15,1686323272.847775000
16,1686323272.860927000
63,1686323274.649968000
64,1686323274.671898000
