frame_no,time
1,1686323340.665594000
2,1686323340.745905000
20,1686323341.694189000
21,1686323341.706679000
82,1686323350.837318000
83,1686323350.919159000
