frame_no,time
1,1686323479.825995000
2,1686323479.844134000
22,1686323480.717834000
23,1686323480.742994000
80,1686323490.743308000
81,1686323490.755419000
