frame_no,time
1,1686323354.290152000
2,1686323354.303031000
18,1686323356.255954000
19,1686323356.271813000
76,1686323368.066133000
77,1686323368.080387000
