frame_no,time
1,1686323371.236779000
17,1686323372.915114000
18,1686323372.983190000
79,1686323382.495298000
80,1686323382.508478000
