frame_no,time
1,1686323386.817896000
2,1686323386.831583000
22,1686323387.772979000
23,1686323387.785367000
