frame_no,time
1,1686323402.629410000
14,1686323402.919583000
15,1686323402.966283000
35,1686323405.513459000
36,1686323405.529885000
57,1686323405.629856000
58,1686323405.635592000
