frame_no,time
1,1686323422.211109000
2,1686323422.224371000
48,1686323423.330015000
49,1686323423.348498000
103,1686323432.052018000
104,1686323432.061767000
