frame_no,time
1,1686323437.216582000
2,1686323437.231984000
46,1686323439.210613000
47,1686323439.223560000
78,1686323446.545692000
79,1686323446.559646000
