frame_no,time
1,1686323449.542626000
24,1686323451.491966000
25,1686323451.503726000
86,1686323460.511424000
87,1686323460.522561000
