frame_no,time
1,1686323465.638170000
22,1686323466.292604000
23,1686323466.304755000
79,1686323475.581524000
82,1686323475.649487000
