frame_no,time
1,1688709065.326554000
19,1688709067.562892000
20,1688709067.641373000
