frame_no,time
1,1686323657.254350000
2,1686323657.297207000
