frame_no,time
1,1686323585.834147000
2,1686323585.839421000
