frame_no,time
1,1686323594.444322000
2,1686323594.483429000
