frame_no,time
1,1686323606.845814000
2,1686323606.853244000
