frame_no,time
1,1686323619.808035000
2,1686323619.815228000
