frame_no,time
1,1686323625.957244000
14,1686323626.112187000
15,1686323626.123151000
