frame_no,time
1,1686322230.973543000
2,1686322230.989864000
27,1686322237.684427000
29,1686322237.771447000
50,1686322237.983065000
63,1686322238.120212000
