frame_no,time
1,1686322442.632546000
2,1686322442.648705000
24,1686322449.102722000
26,1686322449.257248000
37,1686322449.339874000
38,1686322449.347818000
