frame_no,time
1,1686322256.505763000
2,1686322256.514277000
25,1686322257.758084000
26,1686322257.770696000
77,1686322265.608168000
88,1686322265.616042000
