frame_no,time
1,1686322283.375248000
2,1686322283.388533000
26,1686322289.976748000
28,1686322290.032390000
55,1686322290.238750000
56,1686322290.248148000
