frame_no,time
1,1686322305.020985000
2,1686322305.033147000
27,1686322313.040535000
28,1686322313.055866000
57,1686322313.319282000
58,1686322313.326411000
