frame_no,time
1,1686322326.971445000
2,1686322326.984434000
25,1686322333.533215000
27,1686322333.581285000
51,1686322333.788178000
55,1686322333.798901000
