frame_no,time
1,1686322349.679762000
2,1686322349.686432000
24,1686322356.234106000
26,1686322356.277586000
48,1686322356.479832000
53,1686322356.488251000
