frame_no,time
1,1686322373.536372000
2,1686322373.555410000
36,1686322381.929567000
38,1686322382.019085000
55,1686322382.147976000
56,1686322382.156718000
