frame_no,time
1,1686322390.577380000
2,1686322390.617287000
92,1686322401.068574000
93,1686322401.083774000
123,1686322401.352294000
124,1686322401.361610000
