frame_no,time
1,1686322418.119060000
2,1686322418.135673000
26,1686322424.724935000
28,1686322424.796199000
55,1686322425.036362000
56,1686322425.045687000
