frame_no,time
1,1683276245.593516000
2,1683276245.618751000
