frame_no,time
1,1683276903.686629000
2,1683276903.702113000
6,1683276903.716367000
22,1683276903.732584000
85,1683276905.235386000
86,1683276905.242416000
136,1683276905.979850000
137,1683276905.990030000
