frame_no,time
1,1683276963.286851000
2,1683276963.304055000
6,1683276963.328652000
18,1683276963.335199000
87,1683276964.886233000
88,1683276964.892176000
145,1683276965.655519000
146,1683276965.665392000
