frame_no,time
1,1683276910.004064000
2,1683276910.026861000
6,1683276910.051126000
17,1683276910.059368000
85,1683276911.629909000
86,1683276911.639576000
140,1683276912.714535000
141,1683276912.723505000
