frame_no,time
1,1683276917.304695000
2,1683276917.318339000
41,1683276917.392311000
42,1683276917.402731000
83,1683276918.891504000
84,1683276918.904523000
139,1683276919.952323000
140,1683276919.959936000
