frame_no,time
1,1683276924.301495000
2,1683276924.320693000
16,1683276924.363258000
26,1683276924.384675000
83,1683276926.036955000
84,1683276926.043558000
141,1683276927.009110000
142,1683276927.014627000
