frame_no,time
1,1683276930.468536000
2,1683276930.494647000
21,1683276930.543076000
22,1683276930.548089000
83,1683276932.034377000
84,1683276932.061710000
138,1683276932.970590000
139,1683276932.984433000
