frame_no,time
1,1683276937.282313000
2,1683276937.294425000
21,1683276937.327041000
22,1683276937.334523000
84,1683276938.846979000
85,1683276938.858501000
139,1683276939.602825000
140,1683276939.608656000
