frame_no,time
1,1683276944.346187000
2,1683276944.363634000
8,1683276944.391171000
19,1683276944.401095000
87,1683276945.913457000
88,1683276945.924292000
144,1683276946.651281000
145,1683276946.661203000
