frame_no,time
1,1683276950.860526000
2,1683276950.881714000
21,1683276950.931015000
26,1683276950.943073000
81,1683276952.654472000
82,1683276952.660010000
128,1683276953.409779000
130,1683276953.454285000
