frame_no,time
1,1683276957.076430000
2,1683276957.089414000
6,1683276957.100779000
7,1683276957.105889000
83,1683276958.771067000
84,1683276958.872540000
147,1683276959.765034000
148,1683276959.772122000
