frame_no,time
1,1683276988.034501000
2,1683276988.051827000
44,1683276997.664499000
45,1683276997.671719000
