frame_no,time
1,1683277352.433838000
2,1683277352.605656000
44,1683277360.790495000
45,1683277360.812539000
