frame_no,time
1,1683277034.116968000
2,1683277034.141268000
44,1683277045.624128000
45,1683277045.649539000
