frame_no,time
1,1683277196.262343000
2,1683277196.279064000
43,1683277209.705654000
44,1683277210.174947000
