frame_no,time
1,1683277225.364576000
2,1683277225.518120000
44,1683277232.847135000
45,1683277232.870914000
