frame_no,time
1,1683277244.596501000
2,1683277244.647455000
49,1683277252.037900000
50,1683277252.060392000
