frame_no,time
1,1683277263.713111000
2,1683277263.893533000
49,1683277270.910861000
50,1683277270.998719000
