frame_no,time
1,1683277284.480252000
2,1683277284.507600000
58,1683277293.484197000
59,1683277293.639429000
