frame_no,time
1,1683277306.842894000
2,1683277307.026383000
47,1683277314.855437000
48,1683277314.873996000
