frame_no,time
1,1683277327.273279000
2,1683277327.288414000
49,1683277336.250358000
50,1683277336.266632000
