frame_no,time
1,1683277555.719595000
2,1683277555.792560000
53,1683277557.596941000
54,1683277557.611428000
