frame_no,time
1,1683277643.465106000
2,1683277643.659605000
48,1683277645.693304000
49,1683277645.702378000
