frame_no,time
1,1683277565.753487000
2,1683277565.912719000
51,1683277567.536327000
52,1683277567.554443000
