frame_no,time
1,1683277573.498235000
2,1683277573.666913000
43,1683277576.131023000
44,1683277576.145404000
