frame_no,time
1,1683277584.606022000
2,1683277584.616715000
49,1683277586.147702000
50,1683277586.303978000
