frame_no,time
1,1683277593.906204000
2,1683277593.915656000
52,1683277595.813783000
53,1683277595.831214000
