frame_no,time
1,1683277612.211246000
2,1683277612.421742000
45,1683277613.846247000
46,1683277613.854303000
