frame_no,time
1,1683277625.830921000
2,1683277625.860371000
50,1683277627.839055000
51,1683277627.852296000
