frame_no,time
1,1683277634.942700000
2,1683277634.957630000
52,1683277636.681525000
53,1683277636.691172000
