frame_no,time
1,1683277681.384369000
2,1683277681.557251000
