frame_no,time
1,1683277775.218279000
2,1683277775.380686000
