frame_no,time
1,1683277692.081706000
2,1683277692.139040000
