frame_no,time
1,1683277701.592378000
2,1683277701.769069000
