frame_no,time
1,1683277709.824070000
2,1683277709.906431000
