frame_no,time
1,1683277723.711375000
2,1683277723.784270000
