frame_no,time
1,1683277733.750698000
2,1683277733.773230000
