frame_no,time
1,1683277742.729074000
2,1683277742.957943000
