frame_no,time
1,1683277755.246728000
2,1683277755.435754000
