frame_no,time
1,1683277764.410415000
2,1683277764.568940000
