frame_no,time
1,1683277801.559632000
2,1683277801.592480000
48,1683277805.718727000
49,1683277805.740979000
