frame_no,time
1,1683277906.572257000
2,1683277906.734044000
51,1683277909.702550000
52,1683277909.809781000
