frame_no,time
1,1683277814.612702000
2,1683277814.736018000
52,1683277820.634327000
53,1683277820.648188000
