frame_no,time
1,1683277829.390999000
2,1683277829.557584000
48,1683277833.175476000
49,1683277833.194673000
