frame_no,time
1,1683277840.508035000
2,1683277840.546355000
48,1683277843.147841000
49,1683277843.167843000
