frame_no,time
1,1683277849.734794000
2,1683277849.749112000
45,1683277853.804914000
46,1683277854.982441000
