frame_no,time
1,1683277861.969686000
2,1683277862.148963000
46,1683277864.551606000
47,1683277864.570183000
