frame_no,time
1,1683277874.950430000
2,1683277875.188923000
49,1683277877.483675000
50,1683277877.505505000
