frame_no,time
1,1683277885.219168000
2,1683277885.250069000
48,1683277888.244206000
49,1683277888.264398000
