frame_no,time
1,1683277895.144384000
2,1683277895.225481000
51,1683277898.542222000
52,1683277898.550396000
